State,Marital Status of Parents,Christian Denomination,Previously Enrolled in Public School,Student Age,Family Income,Number of Years Enrolled
Hawaii,Divorced,Other,Yes,17,126419,12
Ohio,Married,Non-denominational,Yes,16,85703,5
New Jersey,Single,Pentecostal,No,7,75959,2
Nebraska,Divorced,Other,Yes,7,163819,2
Washington,Single,Catholic,No,6,92469,1
Louisiana,Married,Methodist,Yes,9,146265,3
Maryland,Married,Orthodox,Yes,16,134605,6
Wisconsin,Widowed,Non-denominational,Yes,5,50323,1
Nebraska,Single,Evangelical,Yes,5,120133,1
Ohio,Divorced,Baptist,Yes,6,173725,1
Wisconsin,Married,Methodist,Yes,13,85027,7
North Carolina,Widowed,Evangelical,Yes,12,59951,1
Wyoming,Divorced,Non-denominational,Yes,8,196277,2
Michigan,Divorced,Other,No,17,155770,3
Oregon,Single,Baptist,Yes,12,140679,2
Wisconsin,Divorced,Evangelical,Yes,13,42056,5
Oregon,Widowed,Methodist,Yes,17,185713,8
South Dakota,Single,Baptist,Yes,15,80796,4
Kansas,Widowed,Lutheran,No,13,121440,2
Arkansas,Divorced,Lutheran,No,16,126003,9
Maryland,Widowed,Catholic,No,7,169670,1
Michigan,Single,Catholic,Yes,8,194962,1
Kentucky,Widowed,Lutheran,No,16,189984,1
Idaho,Widowed,Baptist,Yes,13,146856,3
New Jersey,Single,Other,Yes,13,34081,4
Michigan,Widowed,Evangelical,No,14,163136,1
Nebraska,Married,Pentecostal,No,16,149496,5
Missouri,Widowed,Pentecostal,No,13,117816,6
Tennessee,Single,Methodist,No,11,181818,2
Texas,Widowed,Presbyterian,Yes,13,31706,5
Hawaii,Married,Baptist,Yes,7,53576,2
Kansas,Married,Other,Yes,17,68150,6
Michigan,Single,Evangelical,No,10,89526,3
Tennessee,Single,Orthodox,Yes,16,97105,4
Arkansas,Widowed,Orthodox,Yes,18,135142,6
Missouri,Married,Methodist,Yes,13,186110,8
South Carolina,Single,Baptist,Yes,13,82651,7
North Dakota,Widowed,Other,No,12,160526,5
Virginia,Married,Pentecostal,No,10,182808,1
North Dakota,Married,Presbyterian,Yes,14,197615,5
Connecticut,Single,Catholic,No,11,85865,3
New Jersey,Single,Pentecostal,Yes,9,64388,4
Iowa,Single,Presbyterian,No,7,42575,2
Florida,Divorced,Non-denominational,No,7,128184,2
Pennsylvania,Single,Other,No,17,93386,8
Louisiana,Widowed,Non-denominational,Yes,5,68712,1
Louisiana,Married,Lutheran,No,10,156279,1
Ohio,Divorced,Presbyterian,Yes,9,91730,4
Montana,Divorced,Presbyterian,Yes,11,196931,2
Hawaii,Divorced,Presbyterian,No,15,43397,8
Ohio,Divorced,Evangelical,Yes,5,82222,1
Kentucky,Divorced,Baptist,Yes,7,152634,2
New Mexico,Married,Evangelical,No,16,121440,3
Ohio,Divorced,Other,Yes,11,93676,2
Utah,Divorced,Pentecostal,Yes,7,194407,1
Ohio,Single,Catholic,No,6,168072,1
Indiana,Married,Lutheran,Yes,11,132682,1
Arkansas,Divorced,Presbyterian,No,17,62640,10
Iowa,Single,Non-denominational,Yes,10,160180,3
Louisiana,Widowed,Presbyterian,No,7,114913,2
Virginia,Married,Evangelical,Yes,6,62540,1
Tennessee,Divorced,Evangelical,No,11,94479,4
Indiana,Divorced,Evangelical,Yes,8,126502,3
Arkansas,Married,Methodist,Yes,14,50014,8
Alaska,Widowed,Other,Yes,17,157926,12
Nevada,Married,Presbyterian,Yes,10,151920,4
Iowa,Married,Other,No,7,78555,1
Michigan,Single,Methodist,No,17,161754,10
North Dakota,Single,Evangelical,No,12,98567,2
Montana,Divorced,Catholic,No,7,130988,1
Arizona,Single,Lutheran,No,12,127972,4
California,Widowed,Other,Yes,6,129721,1
Maine,Married,Lutheran,Yes,15,131667,9
Wisconsin,Widowed,Lutheran,No,12,63902,2
Mississippi,Divorced,Evangelical,No,7,192728,2
Iowa,Single,Orthodox,No,5,154599,1
Wisconsin,Married,Presbyterian,No,16,90952,10
Oregon,Married,Evangelical,No,16,74028,9
Massachusetts,Widowed,Catholic,No,6,99956,1
Delaware,Married,Non-denominational,Yes,7,181616,2
New Mexico,Widowed,Orthodox,No,11,173412,4
Oregon,Divorced,Baptist,No,7,96138,1
Texas,Widowed,Baptist,Yes,16,152335,10
Hawaii,Single,Evangelical,No,17,151292,9
Arkansas,Widowed,Evangelical,No,7,60127,1
North Carolina,Divorced,Evangelical,No,17,33824,11
Colorado,Married,Non-denominational,No,11,101508,6
Arkansas,Widowed,Non-denominational,No,12,173081,5
New York,Divorced,Other,Yes,16,113577,7
Iowa,Married,Presbyterian,No,5,188674,1
Maine,Widowed,Pentecostal,Yes,13,126553,2
Florida,Widowed,Baptist,Yes,15,198427,5
Nebraska,Married,Non-denominational,Yes,10,59946,2
Indiana,Single,Other,No,6,58952,1
Indiana,Single,Pentecostal,No,15,33821,5
New Hampshire,Divorced,Catholic,Yes,16,191821,1
Washington,Widowed,Evangelical,No,18,80910,6
Minnesota,Married,Pentecostal,Yes,9,184028,3
Louisiana,Widowed,Other,Yes,16,62259,11
Missouri,Single,Orthodox,Yes,11,194745,3
Oregon,Married,Baptist,Yes,8,85043,3
Louisiana,Married,Non-denominational,No,11,117240,5
Virginia,Divorced,Presbyterian,No,15,93401,9
Wyoming,Divorced,Presbyterian,Yes,12,110135,6
Louisiana,Single,Methodist,Yes,9,94529,4
New Mexico,Single,Pentecostal,No,11,124126,2
Georgia,Married,Methodist,Yes,6,187388,1
Maryland,Married,Catholic,Yes,17,110734,4
Texas,Divorced,Evangelical,No,9,192316,4
Maryland,Married,Catholic,Yes,18,163250,13
Vermont,Widowed,Orthodox,Yes,8,88614,1
North Carolina,Widowed,Methodist,No,13,131290,1
Hawaii,Widowed,Other,Yes,14,95813,1
Kansas,Single,Orthodox,Yes,13,169120,7
North Dakota,Widowed,Methodist,No,12,135709,6
Ohio,Widowed,Lutheran,No,5,67706,1
Kentucky,Single,Methodist,No,17,149406,9
Wyoming,Divorced,Other,No,14,180225,4
North Carolina,Single,Non-denominational,Yes,10,71915,2
Kentucky,Divorced,Presbyterian,Yes,12,96271,2
New Mexico,Single,Other,No,16,89500,2
Nevada,Single,Baptist,No,6,68463,1
New Mexico,Widowed,Evangelical,Yes,17,72001,2
Ohio,Widowed,Evangelical,No,8,52176,2
Maine,Single,Lutheran,Yes,11,143491,5
North Carolina,Widowed,Other,No,18,70652,4
Colorado,Divorced,Baptist,No,9,162700,3
Delaware,Single,Lutheran,Yes,11,99468,5
Nebraska,Married,Pentecostal,Yes,16,133620,8
Alaska,Married,Methodist,Yes,11,175776,5
California,Widowed,Evangelical,No,12,52649,1
North Carolina,Single,Baptist,Yes,18,105202,4
Michigan,Married,Pentecostal,Yes,8,87485,3
South Carolina,Divorced,Methodist,No,15,66698,6
Georgia,Divorced,Pentecostal,No,12,145282,5
Maine,Widowed,Lutheran,Yes,8,176706,1
Arkansas,Married,Non-denominational,Yes,10,132497,5
Washington,Married,Non-denominational,Yes,16,53592,5
Vermont,Single,Evangelical,Yes,11,75202,3
New Hampshire,Widowed,Catholic,Yes,7,53956,2
Ohio,Married,Pentecostal,No,11,121879,5
Arkansas,Widowed,Lutheran,No,18,45606,2
Washington,Married,Presbyterian,No,6,194361,1
North Carolina,Widowed,Catholic,No,10,176845,2
California,Divorced,Pentecostal,Yes,18,195522,6
Wyoming,Widowed,Pentecostal,Yes,14,145453,2
Montana,Single,Methodist,Yes,16,33873,5
Alaska,Married,Presbyterian,No,12,54909,7
California,Divorced,Baptist,No,13,136170,5
New Hampshire,Widowed,Baptist,No,7,30685,2
Massachusetts,Single,Presbyterian,No,16,175603,5
Colorado,Widowed,Baptist,No,13,118657,6
Ohio,Widowed,Methodist,No,13,141594,8
Hawaii,Widowed,Orthodox,Yes,14,144935,8
Kentucky,Divorced,Non-denominational,No,9,74759,3
Iowa,Married,Non-denominational,No,10,93847,3
Nevada,Widowed,Evangelical,Yes,12,119830,4
Arizona,Divorced,Evangelical,No,5,157690,1
Montana,Single,Catholic,No,14,130056,5
Florida,Divorced,Pentecostal,No,12,161629,7
Missouri,Married,Lutheran,Yes,18,50273,7
Texas,Single,Catholic,Yes,16,145119,1
Ohio,Single,Pentecostal,No,8,157041,2
Connecticut,Divorced,Lutheran,Yes,8,119398,1
Wyoming,Widowed,Non-denominational,Yes,9,152849,2
Montana,Divorced,Lutheran,Yes,11,41044,2
Maryland,Single,Non-denominational,No,8,184210,2
New Jersey,Single,Evangelical,Yes,14,178492,8
Arkansas,Widowed,Methodist,Yes,16,189696,8
Massachusetts,Married,Pentecostal,Yes,7,173539,2
Tennessee,Married,Methodist,Yes,14,94746,2
Louisiana,Married,Non-denominational,No,10,57011,2
Montana,Divorced,Other,Yes,16,127871,3
Vermont,Widowed,Other,No,10,144370,2
Illinois,Married,Presbyterian,No,8,146958,2
Rhode Island,Married,Other,No,10,48301,1
Michigan,Widowed,Lutheran,No,10,85894,5
Pennsylvania,Divorced,Evangelical,Yes,17,120478,10
Utah,Single,Lutheran,Yes,13,129598,6
West Virginia,Widowed,Pentecostal,Yes,10,146234,5
Michigan,Divorced,Catholic,Yes,11,181355,6
Maine,Divorced,Methodist,No,9,74544,1
New York,Married,Lutheran,No,12,100237,3
Massachusetts,Single,Catholic,No,14,84877,5
Indiana,Single,Methodist,No,12,84304,3
Wyoming,Married,Presbyterian,No,16,195516,2
Alaska,Single,Non-denominational,No,10,73831,2
Oklahoma,Married,Catholic,Yes,15,170120,6
Tennessee,Divorced,Pentecostal,No,10,132323,2
Louisiana,Widowed,Presbyterian,No,18,73217,7
Ohio,Divorced,Evangelical,No,5,146381,1
Florida,Single,Presbyterian,Yes,17,154341,1
New Hampshire,Married,Non-denominational,Yes,5,66307,1
Indiana,Single,Non-denominational,Yes,8,169034,3
Mississippi,Married,Catholic,Yes,16,31995,1
Oklahoma,Divorced,Catholic,No,7,171003,1
West Virginia,Married,Pentecostal,No,18,156598,6
California,Single,Pentecostal,No,7,197196,2
Arizona,Divorced,Other,Yes,7,176040,2
Maryland,Widowed,Other,No,11,162007,2
Massachusetts,Widowed,Baptist,No,16,158958,5
Texas,Single,Presbyterian,No,6,190606,1
Kansas,Widowed,Methodist,Yes,14,194263,6
Tennessee,Married,Orthodox,No,14,132714,1
Louisiana,Single,Non-denominational,No,18,106642,5
Massachusetts,Single,Non-denominational,No,6,142381,1
Wisconsin,Single,Pentecostal,No,8,79579,1
Arkansas,Divorced,Presbyterian,Yes,7,80107,1
Maryland,Divorced,Catholic,Yes,12,113819,7
South Dakota,Widowed,Catholic,Yes,18,62712,7
Massachusetts,Divorced,Orthodox,No,8,96800,2
Alaska,Widowed,Methodist,Yes,17,141120,10
North Carolina,Widowed,Non-denominational,Yes,5,47416,1
Maine,Divorced,Catholic,Yes,15,37725,8
Arkansas,Single,Evangelical,No,7,44659,1
Alabama,Widowed,Baptist,No,6,65103,1
Minnesota,Single,Lutheran,Yes,9,51071,1
South Carolina,Married,Baptist,Yes,14,73461,8
Georgia,Widowed,Orthodox,Yes,8,140980,3
Maryland,Married,Evangelical,Yes,17,81840,3
Arkansas,Divorced,Lutheran,Yes,9,133695,4
Kansas,Single,Methodist,No,12,91593,3
Florida,Divorced,Orthodox,Yes,15,192402,7
Tennessee,Single,Pentecostal,Yes,12,64439,5
Missouri,Divorced,Methodist,Yes,13,170696,6
Virginia,Divorced,Presbyterian,Yes,10,167942,4
Indiana,Divorced,Evangelical,No,6,93996,1
Texas,Widowed,Presbyterian,Yes,8,124443,1
Kentucky,Single,Non-denominational,No,7,192414,2
Rhode Island,Divorced,Evangelical,No,5,54012,1
Minnesota,Widowed,Methodist,Yes,5,197519,1
Montana,Divorced,Other,Yes,17,105828,1
Alaska,Divorced,Baptist,No,11,136984,1
Vermont,Widowed,Presbyterian,No,7,120417,2
Delaware,Married,Baptist,No,15,105867,3
New Hampshire,Widowed,Baptist,Yes,17,174643,2
Nevada,Single,Lutheran,Yes,14,153707,4
New Mexico,Divorced,Presbyterian,No,9,106316,1
Colorado,Divorced,Evangelical,Yes,7,54084,1
South Carolina,Widowed,Orthodox,No,6,85024,1
Connecticut,Married,Lutheran,Yes,8,154033,1
Texas,Divorced,Non-denominational,Yes,7,98190,2
Arkansas,Single,Pentecostal,Yes,6,182715,1
Wisconsin,Married,Methodist,No,8,91918,2
West Virginia,Single,Presbyterian,No,17,162161,9
Iowa,Widowed,Pentecostal,No,16,51385,1
South Dakota,Married,Methodist,No,8,111771,1
Kentucky,Divorced,Baptist,No,7,153428,1
Michigan,Divorced,Non-denominational,No,18,35937,3
Vermont,Married,Methodist,Yes,11,79587,5
Minnesota,Single,Lutheran,No,12,61727,3
North Dakota,Divorced,Evangelical,Yes,15,131908,2
Missouri,Widowed,Pentecostal,Yes,10,115705,3
North Carolina,Married,Baptist,Yes,11,188462,4
Kentucky,Single,Other,No,8,115293,2
Idaho,Widowed,Methodist,Yes,16,175209,2
Missouri,Married,Evangelical,Yes,8,101080,2
Washington,Widowed,Methodist,Yes,11,173280,6
New York,Single,Methodist,Yes,15,137248,4
Michigan,Married,Presbyterian,No,16,31865,1
Oklahoma,Single,Lutheran,No,18,198904,11
Alaska,Widowed,Non-denominational,Yes,14,140613,7
Montana,Widowed,Other,No,15,60335,6
Massachusetts,Widowed,Catholic,No,10,105023,3
Virginia,Married,Orthodox,Yes,12,52525,4
Massachusetts,Married,Evangelical,Yes,17,57421,6
Minnesota,Divorced,Non-denominational,Yes,8,30338,1
Nevada,Widowed,Pentecostal,Yes,15,96229,6
Virginia,Single,Orthodox,Yes,12,40002,6
Indiana,Divorced,Orthodox,No,6,82222,1
Delaware,Single,Lutheran,Yes,10,104533,4
New York,Single,Lutheran,Yes,13,97407,8
Utah,Single,Non-denominational,No,11,196958,1
West Virginia,Single,Evangelical,Yes,9,106576,3
Pennsylvania,Single,Baptist,Yes,9,168446,2
Kansas,Married,Presbyterian,Yes,5,136944,1
Kansas,Married,Other,No,15,91162,10
Vermont,Married,Orthodox,Yes,6,121696,1
New Jersey,Single,Non-denominational,Yes,14,120149,9
Colorado,Single,Methodist,No,14,95660,5
Massachusetts,Married,Methodist,No,7,107968,2
North Carolina,Widowed,Other,Yes,18,46813,3
New York,Single,Methodist,No,13,188087,6
North Dakota,Married,Methodist,Yes,11,113211,1
North Carolina,Divorced,Lutheran,Yes,16,31769,4
Alaska,Divorced,Non-denominational,No,15,139645,8
Minnesota,Widowed,Baptist,No,14,153539,7
Massachusetts,Divorced,Other,No,17,178360,7
Idaho,Widowed,Non-denominational,Yes,9,119400,2
South Carolina,Widowed,Pentecostal,No,11,48670,5
Alaska,Divorced,Evangelical,No,8,190763,1
West Virginia,Married,Lutheran,No,9,166529,1
Michigan,Single,Lutheran,No,11,49893,2
Indiana,Single,Pentecostal,No,8,134379,2
Connecticut,Divorced,Other,No,18,56963,9
Maine,Widowed,Baptist,No,15,140584,5
Alaska,Married,Pentecostal,Yes,7,81931,2
Maine,Married,Orthodox,No,10,132000,1
Idaho,Widowed,Other,Yes,13,102531,5
Oregon,Widowed,Catholic,Yes,6,101597,1
Vermont,Single,Non-denominational,Yes,8,44145,2
Illinois,Divorced,Orthodox,Yes,17,67150,10
Illinois,Widowed,Orthodox,Yes,11,62105,3
Washington,Divorced,Orthodox,No,5,161699,1
Mississippi,Widowed,Catholic,Yes,17,43328,2
New Hampshire,Widowed,Baptist,Yes,8,167766,2
Minnesota,Single,Baptist,Yes,9,86724,3
Alabama,Married,Methodist,Yes,11,195802,5
Pennsylvania,Married,Other,Yes,8,149963,3
Nevada,Married,Pentecostal,No,13,131249,6
Arizona,Single,Methodist,No,16,137718,6
California,Widowed,Non-denominational,No,7,84431,2
North Dakota,Widowed,Pentecostal,Yes,16,35919,6
Louisiana,Widowed,Methodist,Yes,15,123206,10
Michigan,Single,Baptist,Yes,15,159363,8
Georgia,Divorced,Pentecostal,Yes,18,52612,3
Washington,Married,Catholic,Yes,12,199098,4
Kansas,Single,Presbyterian,No,13,74586,3
Alabama,Single,Pentecostal,Yes,6,104072,1
Delaware,Married,Catholic,No,7,94370,1
West Virginia,Widowed,Catholic,No,12,151338,7
California,Single,Pentecostal,Yes,15,90153,1
New York,Married,Catholic,No,6,51035,1
Wisconsin,Widowed,Lutheran,No,12,35357,2
Maryland,Married,Non-denominational,No,16,130534,8
Maryland,Married,Non-denominational,No,10,93505,2
Massachusetts,Single,Lutheran,No,18,165652,9
Delaware,Married,Presbyterian,No,16,181430,3
Arkansas,Divorced,Non-denominational,Yes,8,119850,3
Illinois,Single,Baptist,Yes,15,176602,7
Colorado,Married,Methodist,Yes,11,79957,1
Hawaii,Divorced,Other,No,5,75475,1
New Hampshire,Single,Presbyterian,No,7,43361,1
Kentucky,Widowed,Lutheran,Yes,18,174474,5
Oregon,Divorced,Orthodox,Yes,13,155337,8
North Dakota,Single,Evangelical,Yes,6,97122,1
Oregon,Single,Other,Yes,9,118334,2
Utah,Single,Presbyterian,No,6,92465,1
North Carolina,Divorced,Non-denominational,No,14,197172,9
Connecticut,Divorced,Lutheran,No,11,171235,5
West Virginia,Single,Baptist,Yes,16,148296,10
South Dakota,Widowed,Other,No,11,138182,4
Nevada,Widowed,Catholic,No,9,79520,3
Alabama,Widowed,Methodist,No,15,47241,1
Montana,Divorced,Presbyterian,Yes,11,119771,6
Wisconsin,Married,Other,Yes,10,162376,2
Florida,Divorced,Non-denominational,No,9,41892,2
Hawaii,Divorced,Pentecostal,No,14,139173,1
Oklahoma,Widowed,Evangelical,No,7,156108,1
Maryland,Married,Non-denominational,No,5,125479,1
South Carolina,Single,Orthodox,No,15,30100,3
Montana,Married,Methodist,Yes,14,171839,6
South Dakota,Divorced,Baptist,Yes,5,45723,1
North Carolina,Widowed,Presbyterian,No,17,157814,5
Florida,Widowed,Catholic,Yes,8,154497,1
Nevada,Married,Non-denominational,Yes,13,199624,3
Iowa,Single,Baptist,Yes,9,161379,3
Wyoming,Single,Evangelical,No,15,178747,3
Missouri,Married,Other,Yes,12,60339,3
Wyoming,Divorced,Methodist,No,10,59055,3
Texas,Married,Evangelical,No,12,176761,7
Kentucky,Single,Catholic,No,11,140353,5
Nebraska,Divorced,Presbyterian,No,13,193042,4
Arkansas,Divorced,Evangelical,Yes,8,168588,3
New York,Single,Baptist,Yes,14,152124,5
Connecticut,Married,Other,No,15,93530,10
Vermont,Married,Catholic,Yes,7,136055,1
Hawaii,Divorced,Methodist,Yes,18,70570,13
Vermont,Widowed,Orthodox,No,10,118370,3
Missouri,Married,Evangelical,No,16,92221,7
Texas,Divorced,Non-denominational,Yes,6,170295,1
Wisconsin,Divorced,Presbyterian,No,11,63190,5
Washington,Married,Baptist,Yes,9,31308,3
Florida,Single,Pentecostal,Yes,14,102332,6
Rhode Island,Married,Pentecostal,Yes,14,115759,1
Vermont,Widowed,Presbyterian,No,9,114341,2
Maryland,Single,Catholic,Yes,17,87959,6
West Virginia,Single,Pentecostal,No,7,111296,1
Connecticut,Widowed,Orthodox,Yes,5,53714,1
Oregon,Married,Catholic,No,10,59570,5
Minnesota,Married,Lutheran,No,14,77999,6
South Dakota,Single,Evangelical,No,15,67018,9
New Mexico,Widowed,Orthodox,No,18,91059,9
Idaho,Widowed,Methodist,No,13,72628,1
South Dakota,Divorced,Lutheran,No,6,154897,1
Nebraska,Single,Lutheran,Yes,18,38145,5
Delaware,Widowed,Pentecostal,Yes,16,116835,3
Indiana,Divorced,Evangelical,No,10,83628,4
Florida,Widowed,Presbyterian,Yes,10,110638,2
Louisiana,Single,Baptist,Yes,15,56378,10
South Carolina,Widowed,Lutheran,No,12,167814,1
Arizona,Divorced,Orthodox,No,7,47810,2
Michigan,Married,Orthodox,Yes,17,195008,6
North Dakota,Single,Evangelical,No,10,116447,4
Texas,Divorced,Pentecostal,No,7,196518,2
Montana,Married,Presbyterian,Yes,15,57903,1
Virginia,Married,Presbyterian,Yes,5,187244,1
Florida,Single,Catholic,No,18,91592,2
Nebraska,Widowed,Methodist,Yes,7,113178,2
Missouri,Single,Presbyterian,Yes,17,104644,11
Ohio,Single,Methodist,No,6,166178,1
Ohio,Single,Orthodox,No,7,155043,1
Florida,Married,Pentecostal,No,6,196075,1
Louisiana,Single,Non-denominational,No,18,31359,1
Virginia,Divorced,Lutheran,No,17,159447,1
Michigan,Divorced,Orthodox,Yes,7,160179,2
Massachusetts,Single,Orthodox,No,9,165925,4
New Mexico,Widowed,Presbyterian,Yes,14,73375,4
New Jersey,Single,Pentecostal,Yes,7,74029,2
Missouri,Divorced,Pentecostal,Yes,8,160142,1
New Hampshire,Single,Pentecostal,No,10,91967,4
Utah,Married,Non-denominational,Yes,5,59379,1
Maryland,Single,Baptist,Yes,10,163582,4
Washington,Single,Orthodox,Yes,12,148191,4
Alabama,Divorced,Pentecostal,Yes,17,170277,3
Wyoming,Single,Baptist,Yes,17,168552,9
North Dakota,Widowed,Lutheran,No,16,86537,10
Oregon,Single,Catholic,No,8,148762,3
Vermont,Single,Pentecostal,Yes,12,54085,1
Colorado,Divorced,Pentecostal,No,17,188432,6
Indiana,Married,Pentecostal,No,15,89659,10
Texas,Single,Lutheran,No,15,99792,1
Idaho,Married,Baptist,Yes,16,153309,11
North Carolina,Divorced,Pentecostal,Yes,15,46843,9
Virginia,Divorced,Methodist,No,17,64506,2
Ohio,Single,Presbyterian,No,9,131534,3
Nebraska,Married,Other,Yes,14,109679,1
Oregon,Divorced,Non-denominational,Yes,7,72418,1
South Dakota,Widowed,Evangelical,No,8,73697,3
Alaska,Married,Pentecostal,No,11,55440,6
Wisconsin,Widowed,Presbyterian,No,17,82364,8
Florida,Married,Presbyterian,No,5,149982,1
New Hampshire,Single,Pentecostal,Yes,13,181887,4
Washington,Widowed,Baptist,No,14,70616,9
California,Married,Catholic,No,13,145590,1
Nebraska,Divorced,Other,No,18,82046,9
Iowa,Single,Presbyterian,No,13,54851,8
Kentucky,Single,Other,No,10,79079,5
Georgia,Divorced,Pentecostal,Yes,10,187590,2
Wyoming,Married,Catholic,No,16,103151,7
Hawaii,Single,Other,No,7,65781,1
Kentucky,Divorced,Evangelical,No,14,40637,3
Wyoming,Widowed,Pentecostal,No,5,67294,1
Mississippi,Divorced,Baptist,Yes,15,155708,7
Vermont,Divorced,Orthodox,Yes,17,66311,10
Arkansas,Married,Non-denominational,No,9,186351,1
Iowa,Widowed,Orthodox,No,7,182895,2
Tennessee,Divorced,Baptist,Yes,17,159409,9
Iowa,Single,Evangelical,No,13,199382,4
South Dakota,Married,Baptist,No,11,72747,1
Delaware,Married,Other,No,5,100084,1
Rhode Island,Divorced,Orthodox,Yes,16,162487,10
Virginia,Married,Evangelical,No,7,74205,2
Iowa,Single,Pentecostal,Yes,9,81666,3
Mississippi,Married,Methodist,No,10,139015,4
Mississippi,Widowed,Methodist,Yes,18,138681,7
North Carolina,Married,Non-denominational,No,18,36402,4
Georgia,Divorced,Baptist,Yes,16,183927,1
South Carolina,Married,Catholic,Yes,14,66932,1
Illinois,Divorced,Other,No,10,143461,4
Connecticut,Married,Methodist,No,8,124085,2
Washington,Widowed,Methodist,Yes,9,135824,4
Arkansas,Divorced,Orthodox,Yes,12,171645,4
Nebraska,Married,Lutheran,Yes,11,140368,4
Illinois,Widowed,Evangelical,No,13,179309,2
Michigan,Widowed,Non-denominational,Yes,17,84047,8
Texas,Divorced,Other,Yes,14,87597,3
Mississippi,Married,Catholic,No,11,124367,2
North Carolina,Widowed,Evangelical,Yes,17,114619,2
Utah,Divorced,Non-denominational,No,16,135190,1
Louisiana,Married,Evangelical,No,15,155955,1
New York,Married,Other,Yes,6,92430,1
Washington,Divorced,Catholic,Yes,10,87907,4
Mississippi,Divorced,Catholic,No,15,105222,10
Tennessee,Widowed,Pentecostal,No,15,63664,9
Tennessee,Married,Evangelical,No,11,121117,4
Wisconsin,Married,Evangelical,No,17,151938,4
Connecticut,Married,Non-denominational,No,17,191199,12
Illinois,Single,Pentecostal,Yes,18,162980,11
Minnesota,Single,Baptist,Yes,9,75778,1
South Dakota,Divorced,Lutheran,No,13,69799,8
Nevada,Widowed,Presbyterian,No,12,183168,1
Illinois,Widowed,Pentecostal,Yes,13,172060,7
Illinois,Single,Orthodox,No,16,41983,4
California,Divorced,Baptist,No,11,114357,1
Alaska,Single,Pentecostal,Yes,14,51978,6
Vermont,Divorced,Catholic,No,18,115822,13
Pennsylvania,Married,Catholic,Yes,13,99280,7
Alabama,Single,Lutheran,Yes,12,185100,3
Arizona,Widowed,Catholic,No,15,74715,9
Indiana,Divorced,Evangelical,Yes,13,116760,8
Arkansas,Married,Other,No,16,92662,10
Kentucky,Widowed,Orthodox,Yes,9,127683,1
New Mexico,Single,Orthodox,No,12,42158,6
Maryland,Widowed,Catholic,No,6,50221,1
Florida,Widowed,Orthodox,Yes,12,61890,2
North Dakota,Single,Lutheran,No,10,161747,5
Arizona,Single,Catholic,No,15,124295,9
Vermont,Married,Methodist,No,12,30290,7
North Dakota,Married,Evangelical,Yes,10,155634,2
North Carolina,Divorced,Other,No,11,77746,5
Washington,Divorced,Lutheran,No,7,175830,2
Tennessee,Widowed,Methodist,Yes,10,128443,1
Louisiana,Widowed,Evangelical,No,5,163392,1
Georgia,Widowed,Baptist,No,9,40042,3
Idaho,Married,Other,No,5,73473,1
Maine,Divorced,Lutheran,Yes,8,175015,3
Hawaii,Married,Evangelical,Yes,17,111287,2
North Dakota,Divorced,Pentecostal,No,12,124664,1
Alabama,Single,Catholic,No,16,45256,8
Montana,Married,Orthodox,Yes,8,70985,2
North Carolina,Widowed,Presbyterian,Yes,14,80656,4
Maryland,Widowed,Orthodox,No,10,99184,4
Mississippi,Married,Lutheran,No,11,118357,2
Virginia,Single,Pentecostal,Yes,12,170595,2
New Hampshire,Single,Non-denominational,No,13,123278,7
Massachusetts,Married,Catholic,No,7,149393,2
Colorado,Married,Pentecostal,No,10,97467,3
Alabama,Widowed,Pentecostal,Yes,16,91026,3
Georgia,Divorced,Presbyterian,Yes,7,71088,1
Delaware,Divorced,Orthodox,No,5,99802,1
New Hampshire,Single,Other,No,8,109318,3
Arkansas,Married,Other,No,16,104759,5
North Dakota,Married,Baptist,No,15,93468,8
Wyoming,Single,Orthodox,No,10,187461,4
Missouri,Widowed,Orthodox,Yes,14,165419,1
Kansas,Divorced,Baptist,Yes,5,184111,1
New Jersey,Divorced,Methodist,Yes,10,106092,1
Minnesota,Widowed,Baptist,Yes,15,118282,2
Alaska,Divorced,Presbyterian,Yes,5,141817,1
Illinois,Widowed,Non-denominational,Yes,12,58286,5
New Mexico,Divorced,Pentecostal,Yes,8,100760,1
Wisconsin,Single,Lutheran,No,5,177456,1
Arizona,Married,Methodist,Yes,11,89885,2
New Mexico,Divorced,Orthodox,Yes,13,199142,1
South Dakota,Single,Other,No,12,108183,7
South Dakota,Married,Lutheran,Yes,14,141962,3
Wyoming,Single,Orthodox,No,12,125260,4
New Jersey,Divorced,Methodist,Yes,14,193105,2
Minnesota,Widowed,Non-denominational,Yes,17,99476,3
Maine,Divorced,Lutheran,Yes,12,69063,5
Massachusetts,Divorced,Baptist,No,15,195913,5
Vermont,Single,Lutheran,No,15,138307,5
Georgia,Widowed,Methodist,Yes,6,70552,1
Utah,Divorced,Baptist,No,7,85982,2
Ohio,Widowed,Non-denominational,Yes,8,125259,3
South Carolina,Married,Presbyterian,No,16,37635,6
New Mexico,Single,Presbyterian,Yes,5,36477,1
Florida,Divorced,Methodist,No,16,119355,4
Hawaii,Widowed,Methodist,Yes,16,193934,7
Delaware,Married,Other,No,18,188664,7
New York,Married,Evangelical,No,11,130340,1
Wisconsin,Widowed,Non-denominational,No,12,42090,2
Nebraska,Divorced,Orthodox,No,5,166310,1
New Jersey,Married,Evangelical,Yes,5,156542,1
Michigan,Married,Catholic,No,5,86434,1
Wyoming,Widowed,Lutheran,Yes,11,102625,5
Arkansas,Divorced,Evangelical,Yes,16,183980,9
Washington,Single,Lutheran,No,7,196357,2
Kentucky,Divorced,Non-denominational,No,11,118592,4
Pennsylvania,Single,Evangelical,No,16,47711,9
Delaware,Divorced,Pentecostal,No,8,56746,1
Idaho,Single,Evangelical,Yes,5,68482,1
Texas,Married,Lutheran,No,6,89504,1
California,Widowed,Catholic,Yes,5,107797,1
Montana,Divorced,Evangelical,Yes,16,137739,4
Montana,Divorced,Evangelical,Yes,18,133835,4
Mississippi,Widowed,Pentecostal,No,8,86066,3
Louisiana,Single,Pentecostal,No,17,50996,3
Connecticut,Widowed,Other,Yes,16,86020,11
Alabama,Widowed,Baptist,No,5,91410,1
Utah,Divorced,Catholic,Yes,6,174936,1
Rhode Island,Divorced,Presbyterian,No,16,44412,1
New York,Single,Methodist,Yes,8,124750,2
Tennessee,Divorced,Methodist,No,16,189932,10
Florida,Single,Other,No,10,56278,2
North Carolina,Widowed,Presbyterian,No,17,73155,5
Tennessee,Divorced,Catholic,Yes,17,185775,5
Florida,Single,Orthodox,Yes,13,49719,7
Oregon,Married,Non-denominational,Yes,16,98954,2
Pennsylvania,Widowed,Evangelical,No,14,161825,1
Florida,Widowed,Non-denominational,Yes,8,52646,3
Oregon,Divorced,Evangelical,Yes,15,110237,10
Alaska,Single,Baptist,No,12,129456,5
Utah,Widowed,Non-denominational,Yes,13,102958,6
Idaho,Single,Other,Yes,9,123389,4
California,Divorced,Methodist,Yes,10,107106,5
Oregon,Married,Presbyterian,Yes,18,163380,6
Massachusetts,Married,Orthodox,No,5,170470,1
Wisconsin,Widowed,Catholic,No,11,107409,4
Idaho,Single,Presbyterian,No,11,128433,2
Idaho,Divorced,Lutheran,No,10,45821,2
Montana,Divorced,Evangelical,No,10,88628,4
South Carolina,Divorced,Catholic,Yes,6,179807,1
Indiana,Married,Baptist,Yes,14,127947,8
Louisiana,Widowed,Evangelical,No,17,159398,2
North Dakota,Single,Orthodox,Yes,14,69181,7
Nebraska,Divorced,Evangelical,Yes,17,173413,7
Maine,Single,Presbyterian,No,10,54369,3
Michigan,Divorced,Lutheran,No,7,140764,2
Nevada,Divorced,Pentecostal,No,13,46539,7
Colorado,Widowed,Evangelical,No,13,38671,6
Arkansas,Divorced,Catholic,Yes,13,147346,5
New Hampshire,Single,Baptist,Yes,18,149819,11
Oregon,Widowed,Other,No,13,51317,6
Nevada,Single,Other,No,8,98158,3
Vermont,Widowed,Evangelical,Yes,11,57080,1
Utah,Widowed,Presbyterian,Yes,18,177312,5
South Carolina,Widowed,Catholic,Yes,5,183378,1
Colorado,Married,Non-denominational,Yes,11,154136,3
Tennessee,Single,Non-denominational,Yes,15,191494,2
Ohio,Divorced,Pentecostal,No,9,100367,1
Ohio,Widowed,Lutheran,Yes,10,144336,3
Virginia,Married,Baptist,Yes,7,155768,1
Michigan,Widowed,Baptist,Yes,17,101267,8
Pennsylvania,Divorced,Baptist,Yes,5,118932,1
Alabama,Married,Orthodox,Yes,8,104009,2
Idaho,Married,Methodist,Yes,5,82050,1
Arizona,Divorced,Evangelical,No,6,149022,1
Montana,Divorced,Catholic,Yes,8,89089,1
Oregon,Divorced,Evangelical,Yes,12,177384,5
Vermont,Married,Evangelical,No,8,74693,3
Ohio,Widowed,Catholic,Yes,16,147699,10
Rhode Island,Divorced,Presbyterian,No,16,138543,4
Rhode Island,Married,Pentecostal,Yes,10,177928,3
New York,Single,Other,Yes,14,188600,5
Alabama,Married,Evangelical,No,5,50270,1
Arkansas,Single,Presbyterian,No,11,62976,1
Missouri,Married,Pentecostal,No,6,64269,1
New Hampshire,Divorced,Catholic,Yes,5,168026,1
Alaska,Widowed,Orthodox,Yes,11,103324,1
Ohio,Single,Evangelical,Yes,5,157187,1
Maryland,Divorced,Other,Yes,5,135009,1
Washington,Widowed,Catholic,Yes,17,48113,11
Rhode Island,Single,Presbyterian,No,8,35224,3
Alaska,Single,Presbyterian,No,18,125201,1
Maine,Divorced,Presbyterian,No,15,154422,10
Washington,Single,Catholic,No,16,69712,2
Alabama,Widowed,Other,No,9,40081,3
Connecticut,Single,Presbyterian,Yes,13,197401,7
Hawaii,Divorced,Non-denominational,Yes,5,75573,1
Alaska,Divorced,Catholic,No,14,41187,3
Rhode Island,Divorced,Pentecostal,Yes,14,106925,3
Kansas,Divorced,Orthodox,No,15,150994,2
West Virginia,Widowed,Methodist,No,17,129158,2
Oklahoma,Widowed,Evangelical,No,16,65687,3
Indiana,Widowed,Non-denominational,Yes,10,97741,5
Arkansas,Widowed,Baptist,Yes,9,45647,3
Minnesota,Widowed,Evangelical,No,13,123007,1
Hawaii,Single,Methodist,Yes,11,93099,2
Kansas,Widowed,Methodist,No,5,141869,1
North Dakota,Divorced,Orthodox,Yes,10,161943,4
Arizona,Widowed,Presbyterian,No,14,196149,7
Hawaii,Divorced,Catholic,Yes,14,42329,2
Tennessee,Single,Methodist,No,6,36109,1
Indiana,Single,Non-denominational,No,17,33750,10
North Carolina,Single,Baptist,No,10,79186,4
Alaska,Married,Orthodox,Yes,11,116333,6
Massachusetts,Widowed,Presbyterian,No,18,161845,13
Texas,Single,Orthodox,No,5,193862,1
Iowa,Married,Catholic,Yes,5,106542,1
Virginia,Married,Baptist,No,6,177392,1
Arkansas,Single,Catholic,No,17,44431,6
Texas,Widowed,Presbyterian,No,8,41564,1
North Dakota,Widowed,Methodist,No,18,195786,7
Oregon,Widowed,Presbyterian,Yes,5,135237,1
Oregon,Married,Orthodox,No,15,173003,8
Alabama,Single,Orthodox,Yes,12,164648,4
Delaware,Widowed,Pentecostal,Yes,13,133669,8
Maine,Single,Evangelical,No,5,104389,1
Nebraska,Divorced,Pentecostal,No,14,167150,2
New Jersey,Married,Methodist,Yes,5,175277,1
Virginia,Widowed,Methodist,No,8,82070,2
Virginia,Single,Pentecostal,Yes,14,72323,3
Iowa,Married,Orthodox,Yes,9,177021,3
Nebraska,Married,Methodist,Yes,16,160607,11
Illinois,Divorced,Orthodox,No,14,102727,7
Oregon,Widowed,Pentecostal,No,15,105881,4
Arkansas,Single,Baptist,Yes,8,104415,3
Oklahoma,Married,Evangelical,Yes,14,67978,8
South Dakota,Widowed,Presbyterian,No,16,103935,2
New Jersey,Divorced,Methodist,Yes,12,138281,3
Nebraska,Widowed,Evangelical,No,12,153010,3
Illinois,Divorced,Lutheran,Yes,17,79156,3
North Dakota,Divorced,Orthodox,No,11,102861,4
Rhode Island,Married,Non-denominational,No,15,136335,6
South Carolina,Widowed,Lutheran,No,12,115309,1
Washington,Married,Evangelical,No,14,109614,1
Georgia,Divorced,Evangelical,No,18,139448,4
Illinois,Widowed,Other,Yes,10,170623,2
New York,Widowed,Other,Yes,10,67809,2
New Hampshire,Divorced,Other,Yes,12,111713,7
Hawaii,Single,Non-denominational,Yes,12,42868,4
Louisiana,Widowed,Orthodox,No,6,124307,1
South Carolina,Divorced,Orthodox,No,10,112022,5
Missouri,Married,Catholic,Yes,8,83235,3
Rhode Island,Widowed,Methodist,No,11,161552,4
Arkansas,Married,Orthodox,Yes,14,131854,3
South Dakota,Married,Presbyterian,No,13,95003,4
Louisiana,Married,Evangelical,Yes,16,71514,11
Oregon,Single,Presbyterian,No,10,173001,1
Wisconsin,Widowed,Other,No,12,87414,6
Oklahoma,Single,Evangelical,No,16,137670,9
Tennessee,Married,Non-denominational,No,18,50603,4
Indiana,Single,Other,No,16,122253,6
Arizona,Married,Evangelical,Yes,5,188728,1
Alabama,Divorced,Presbyterian,Yes,5,93280,1
Tennessee,Married,Orthodox,No,9,138108,4
Ohio,Married,Other,No,6,49831,1
South Carolina,Divorced,Lutheran,No,8,107242,1
South Dakota,Divorced,Catholic,Yes,10,63132,3
Hawaii,Widowed,Pentecostal,No,11,140573,1
New Hampshire,Divorced,Evangelical,No,7,183993,2
Alaska,Single,Evangelical,No,16,55206,6
South Carolina,Widowed,Catholic,Yes,11,83552,3
New Jersey,Divorced,Non-denominational,Yes,14,32913,4
Louisiana,Single,Evangelical,No,14,55602,2
New Mexico,Divorced,Baptist,No,7,69493,2
Massachusetts,Widowed,Other,No,9,55386,3
Michigan,Single,Pentecostal,Yes,7,172724,1
Montana,Divorced,Lutheran,Yes,5,129769,1
Wisconsin,Single,Evangelical,No,9,154997,3
Alabama,Divorced,Lutheran,No,14,84650,1
Georgia,Single,Evangelical,No,10,145689,1
Mississippi,Married,Other,Yes,8,101626,2
Montana,Widowed,Methodist,No,7,84685,1
Minnesota,Married,Methodist,Yes,11,158500,6
Wisconsin,Divorced,Presbyterian,Yes,7,150518,2
Wyoming,Married,Non-denominational,No,11,65010,5
Utah,Divorced,Baptist,Yes,11,129923,3
Montana,Single,Catholic,Yes,14,147264,7
Utah,Divorced,Evangelical,No,6,70189,1
North Carolina,Divorced,Lutheran,No,11,99105,5
North Carolina,Married,Presbyterian,No,14,105246,7
Kentucky,Single,Catholic,No,9,106823,3
Florida,Single,Pentecostal,No,9,144069,3
Indiana,Divorced,Baptist,No,9,159531,1
Montana,Single,Evangelical,No,12,62692,1
Delaware,Divorced,Lutheran,No,12,195133,1
Iowa,Single,Lutheran,Yes,18,85033,6
New Hampshire,Married,Other,Yes,8,127664,1
Maryland,Single,Orthodox,Yes,9,190072,4
Massachusetts,Married,Evangelical,No,7,118929,2
Missouri,Married,Orthodox,No,8,113588,1
Delaware,Widowed,Presbyterian,No,16,63800,1
Washington,Divorced,Non-denominational,No,18,98759,3
Texas,Widowed,Orthodox,Yes,16,154576,7
Massachusetts,Widowed,Orthodox,No,8,176921,3
Connecticut,Single,Presbyterian,No,5,190341,1
Nevada,Married,Orthodox,No,16,64026,10
Washington,Widowed,Other,No,11,75705,5
Louisiana,Widowed,Non-denominational,Yes,13,159770,5
Arkansas,Divorced,Presbyterian,Yes,6,136920,1
West Virginia,Single,Presbyterian,Yes,13,182903,1
New Hampshire,Married,Catholic,Yes,11,163173,1
Oregon,Widowed,Catholic,No,18,31021,11
Alabama,Widowed,Other,Yes,11,157408,6
North Carolina,Single,Non-denominational,Yes,10,85291,4
Florida,Single,Presbyterian,Yes,5,145801,1
Nevada,Divorced,Lutheran,Yes,17,180464,3
Maine,Married,Baptist,Yes,5,99442,1
Kentucky,Divorced,Presbyterian,No,8,190162,1
Texas,Divorced,Methodist,Yes,14,103252,2
Florida,Married,Methodist,No,12,81458,7
New York,Single,Evangelical,Yes,12,81231,4
Wyoming,Widowed,Lutheran,No,9,113795,3
Indiana,Married,Evangelical,No,12,107121,4
Missouri,Single,Non-denominational,Yes,6,105537,1
South Dakota,Widowed,Non-denominational,Yes,14,56627,6
Mississippi,Single,Evangelical,No,15,159761,1
California,Divorced,Pentecostal,No,10,108912,1
North Carolina,Single,Other,No,12,117715,3
Nevada,Divorced,Non-denominational,Yes,17,37552,7
Nebraska,Divorced,Baptist,Yes,18,83479,12
Connecticut,Married,Presbyterian,Yes,14,184553,3
Nevada,Widowed,Non-denominational,Yes,7,76244,2
Kansas,Single,Non-denominational,Yes,18,41034,4
Virginia,Single,Catholic,No,13,199107,4
Nevada,Divorced,Evangelical,Yes,18,112578,8
Washington,Married,Catholic,No,9,121312,4
Idaho,Single,Lutheran,Yes,8,122563,2
New Hampshire,Divorced,Lutheran,No,14,85715,3
Kentucky,Single,Orthodox,No,16,197870,4
Kentucky,Widowed,Catholic,No,8,184649,3
South Carolina,Divorced,Catholic,No,18,41093,7
Virginia,Divorced,Presbyterian,No,10,149927,5
Maine,Single,Methodist,No,8,129064,1
Arkansas,Widowed,Pentecostal,Yes,10,118009,5
Rhode Island,Single,Non-denominational,Yes,5,73141,1
Utah,Widowed,Lutheran,Yes,9,186626,2
Tennessee,Divorced,Presbyterian,Yes,5,43948,1
Delaware,Divorced,Non-denominational,No,16,70459,2
Missouri,Single,Presbyterian,Yes,11,96359,1
Massachusetts,Married,Evangelical,Yes,14,37762,2
Washington,Married,Pentecostal,No,17,152917,11
Utah,Widowed,Methodist,No,5,115478,1
Florida,Divorced,Baptist,No,10,133772,4
Pennsylvania,Divorced,Baptist,No,8,122456,1
Rhode Island,Widowed,Methodist,Yes,8,130634,2
South Dakota,Widowed,Non-denominational,Yes,8,179313,3
California,Divorced,Catholic,No,5,120912,1
Florida,Divorced,Evangelical,No,7,67195,2
Rhode Island,Divorced,Orthodox,Yes,18,101812,10
California,Single,Methodist,Yes,15,170326,8
Ohio,Married,Orthodox,No,10,136643,1
Nebraska,Single,Non-denominational,Yes,14,145237,3
Kentucky,Single,Non-denominational,Yes,9,47721,4
Arkansas,Single,Lutheran,Yes,18,64809,5
Minnesota,Single,Methodist,No,8,158481,1
Illinois,Single,Methodist,Yes,18,147793,6
Alaska,Married,Evangelical,No,17,171591,9
California,Married,Evangelical,No,12,45644,6
Illinois,Married,Pentecostal,No,16,90893,8
Connecticut,Widowed,Baptist,No,12,197552,4
Wisconsin,Single,Evangelical,Yes,13,152926,8
Florida,Divorced,Other,Yes,7,31284,1
Virginia,Widowed,Presbyterian,No,8,66912,1
Florida,Single,Orthodox,Yes,16,79284,11
Iowa,Widowed,Presbyterian,Yes,9,199575,2
Alabama,Divorced,Orthodox,No,18,151026,6
Virginia,Divorced,Lutheran,No,16,76432,11
Hawaii,Widowed,Evangelical,Yes,16,170129,5
Mississippi,Single,Catholic,No,16,97028,9
Kentucky,Widowed,Pentecostal,Yes,6,39276,1
Washington,Single,Orthodox,Yes,16,49311,1
Oklahoma,Single,Methodist,Yes,17,192557,3
Connecticut,Widowed,Pentecostal,No,15,135120,2
Arizona,Married,Baptist,Yes,10,60653,5
Maine,Single,Other,Yes,8,149029,1
Texas,Widowed,Presbyterian,Yes,17,75589,9
Utah,Widowed,Methodist,No,17,98005,1
North Carolina,Widowed,Other,Yes,18,168517,3
California,Divorced,Other,Yes,12,125079,5
Alaska,Married,Methodist,Yes,8,59036,3
South Dakota,Divorced,Catholic,Yes,16,130724,10
Virginia,Divorced,Evangelical,No,5,186926,1
North Dakota,Single,Baptist,Yes,7,86821,2
Colorado,Widowed,Non-denominational,No,6,195352,1
Indiana,Widowed,Baptist,Yes,7,189533,2
Massachusetts,Widowed,Evangelical,Yes,7,138377,1
Kentucky,Divorced,Baptist,Yes,16,86463,4
North Dakota,Married,Baptist,Yes,7,197706,2
Mississippi,Widowed,Methodist,Yes,5,50710,1
Mississippi,Single,Baptist,No,5,83049,1
Ohio,Divorced,Non-denominational,Yes,9,182150,3
Nevada,Divorced,Other,No,8,183493,3
Alaska,Widowed,Baptist,No,8,148143,3
New Hampshire,Married,Non-denominational,No,10,141882,3
Texas,Married,Methodist,Yes,6,123897,1
Nebraska,Divorced,Pentecostal,No,14,176806,5
Alaska,Single,Orthodox,Yes,5,123645,1
Pennsylvania,Divorced,Pentecostal,Yes,7,157682,2
New Hampshire,Widowed,Catholic,Yes,7,56590,1
Tennessee,Divorced,Other,Yes,18,102327,9
Idaho,Single,Methodist,Yes,14,153979,8
Delaware,Married,Catholic,Yes,5,34958,1
Virginia,Divorced,Lutheran,Yes,18,98925,12
Louisiana,Married,Pentecostal,Yes,8,198623,2
Nevada,Widowed,Methodist,No,17,127178,3
Illinois,Widowed,Lutheran,No,15,101762,2
Delaware,Married,Presbyterian,No,6,81225,1
Delaware,Married,Baptist,Yes,7,127273,1
Connecticut,Married,Other,No,18,38755,3
Indiana,Married,Other,No,5,191362,1
Michigan,Married,Other,No,8,188210,3
Georgia,Married,Non-denominational,Yes,16,165923,2
Indiana,Single,Baptist,Yes,13,133784,7
North Carolina,Divorced,Evangelical,No,6,190508,1
New York,Single,Orthodox,Yes,5,54241,1
Michigan,Divorced,Methodist,Yes,9,171979,3
Colorado,Single,Evangelical,No,11,97940,2
West Virginia,Widowed,Catholic,Yes,16,91634,10
Illinois,Married,Non-denominational,No,14,177579,9
Hawaii,Married,Catholic,Yes,6,82524,1
Missouri,Divorced,Presbyterian,No,15,193311,4
Ohio,Single,Evangelical,No,6,147751,1
Indiana,Widowed,Evangelical,No,6,108257,1
Wisconsin,Single,Presbyterian,No,18,130525,6
Oklahoma,Single,Evangelical,No,15,79497,3
Nevada,Divorced,Evangelical,No,9,153337,2
Virginia,Married,Pentecostal,No,7,30972,2
West Virginia,Single,Evangelical,No,14,113956,6
North Carolina,Married,Methodist,No,6,118565,1
Illinois,Divorced,Catholic,No,10,184187,3
California,Married,Baptist,No,15,195441,2
Texas,Widowed,Methodist,No,6,185433,1
Arizona,Divorced,Non-denominational,Yes,8,125217,1
Pennsylvania,Widowed,Evangelical,No,18,173918,13
Ohio,Married,Catholic,Yes,9,92108,4
Oregon,Divorced,Presbyterian,No,8,88467,3
Maine,Single,Lutheran,No,13,76815,4
New Hampshire,Divorced,Evangelical,No,17,156078,9
Mississippi,Married,Catholic,No,11,60839,2
North Dakota,Divorced,Presbyterian,No,6,122939,1
Arizona,Single,Pentecostal,Yes,12,150439,7
Maryland,Widowed,Methodist,Yes,11,125435,3
Maryland,Divorced,Pentecostal,No,11,185237,3
Kentucky,Divorced,Pentecostal,No,16,196868,11
Iowa,Widowed,Evangelical,No,12,68391,3
Virginia,Married,Orthodox,Yes,8,87645,3
Maryland,Divorced,Other,Yes,9,137976,3
New Mexico,Single,Baptist,No,5,145664,1
Nevada,Single,Non-denominational,No,5,50523,1
Alabama,Divorced,Presbyterian,No,17,167827,9
Illinois,Single,Pentecostal,No,12,154070,5
Ohio,Single,Catholic,Yes,13,131074,7
Hawaii,Married,Lutheran,No,11,94293,6
Michigan,Married,Catholic,No,17,173811,11
Connecticut,Married,Evangelical,No,6,189542,1
South Carolina,Married,Evangelical,Yes,16,187229,4
Minnesota,Widowed,Presbyterian,Yes,7,158433,2
Arkansas,Single,Methodist,Yes,18,133840,5
Arizona,Divorced,Other,No,18,38453,8
Missouri,Divorced,Methodist,Yes,6,54995,1
New Mexico,Widowed,Non-denominational,Yes,12,163809,5
Connecticut,Married,Pentecostal,No,14,66283,3
West Virginia,Widowed,Presbyterian,Yes,16,168223,6
Vermont,Married,Evangelical,No,17,198423,4
California,Married,Lutheran,No,16,72118,11
Massachusetts,Divorced,Methodist,Yes,8,133031,1
Florida,Single,Presbyterian,No,17,35798,3
Tennessee,Divorced,Orthodox,No,16,150969,9
California,Divorced,Methodist,No,7,95743,2
Rhode Island,Divorced,Non-denominational,No,12,165921,2
Montana,Divorced,Catholic,No,8,133623,3
West Virginia,Single,Catholic,Yes,18,57616,2
Arizona,Widowed,Non-denominational,No,12,143062,1
Wisconsin,Widowed,Presbyterian,No,13,91905,4
Mississippi,Married,Other,Yes,13,59897,1
Utah,Single,Methodist,No,12,129536,6
New York,Married,Catholic,Yes,6,138587,1
Montana,Widowed,Other,Yes,17,153930,1
Oregon,Married,Pentecostal,No,8,51689,2
California,Divorced,Lutheran,Yes,17,50637,3
Vermont,Married,Orthodox,No,9,89635,4
Colorado,Single,Other,Yes,9,162472,3
Wisconsin,Single,Pentecostal,Yes,7,166279,1
New Jersey,Divorced,Lutheran,Yes,11,173091,4
Maine,Married,Pentecostal,No,10,63005,1
Colorado,Widowed,Other,Yes,12,93103,3
Maryland,Divorced,Methodist,Yes,5,176500,1
Mississippi,Widowed,Pentecostal,No,11,162467,2
Georgia,Married,Other,No,10,33274,4
Minnesota,Married,Evangelical,Yes,11,96775,5
Rhode Island,Married,Methodist,No,17,118785,11
Hawaii,Married,Lutheran,No,16,181907,3
Virginia,Single,Non-denominational,Yes,6,87623,1
Missouri,Divorced,Methodist,Yes,7,194143,1
Wyoming,Single,Catholic,Yes,10,130043,2
North Dakota,Married,Baptist,Yes,10,109540,5
Florida,Married,Methodist,Yes,14,141733,8
Missouri,Married,Evangelical,No,5,86487,1
Oregon,Married,Pentecostal,No,16,130489,11
Maryland,Widowed,Methodist,Yes,18,194311,5
New York,Single,Orthodox,No,8,139575,1
New York,Widowed,Lutheran,No,6,119657,1
Indiana,Divorced,Non-denominational,No,6,46739,1
Nebraska,Single,Baptist,Yes,18,132041,7
Washington,Widowed,Non-denominational,Yes,18,34829,13
Michigan,Married,Catholic,Yes,10,46140,3
Missouri,Widowed,Non-denominational,No,8,133266,3
Oregon,Single,Evangelical,No,11,95886,4
Massachusetts,Widowed,Evangelical,Yes,16,105669,1
Rhode Island,Single,Pentecostal,No,7,121334,1
Maine,Widowed,Other,Yes,10,166274,4
New York,Widowed,Orthodox,No,17,171447,10
Oregon,Divorced,Presbyterian,Yes,15,68284,9
Kentucky,Divorced,Non-denominational,Yes,5,32624,1
Wisconsin,Widowed,Evangelical,Yes,17,118850,7
Maine,Single,Other,Yes,13,164216,8
Georgia,Widowed,Other,No,6,105400,1
Alabama,Divorced,Pentecostal,No,7,181124,2
Washington,Widowed,Pentecostal,Yes,12,196290,1
Colorado,Married,Methodist,No,13,36957,6
Georgia,Widowed,Evangelical,Yes,10,77145,1
Louisiana,Divorced,Lutheran,No,17,138852,1
Nevada,Married,Methodist,Yes,7,127440,1
Missouri,Widowed,Presbyterian,Yes,7,143938,1
Wisconsin,Divorced,Orthodox,Yes,5,167866,1
Mississippi,Divorced,Baptist,No,14,52560,4
Colorado,Single,Presbyterian,Yes,14,174982,1
Arizona,Widowed,Evangelical,No,16,177951,3
Texas,Married,Lutheran,Yes,8,146082,3
Illinois,Widowed,Presbyterian,Yes,9,130694,2
Connecticut,Married,Presbyterian,No,16,72575,4
Iowa,Divorced,Pentecostal,Yes,8,42694,3
Kansas,Married,Catholic,No,13,157978,6
Utah,Widowed,Evangelical,No,18,40137,1
Alaska,Divorced,Methodist,No,5,74099,1
Maryland,Single,Non-denominational,Yes,10,81896,2
New York,Divorced,Other,Yes,15,145460,2
Maryland,Widowed,Pentecostal,Yes,14,192593,5
Maryland,Married,Lutheran,Yes,18,111476,11
Maine,Married,Presbyterian,Yes,6,67512,1
Delaware,Widowed,Evangelical,Yes,6,165656,1
Pennsylvania,Divorced,Evangelical,Yes,7,188349,1
Hawaii,Married,Catholic,Yes,8,118380,3
Arizona,Married,Non-denominational,Yes,9,162015,4
Florida,Single,Methodist,No,13,123760,8
Florida,Widowed,Pentecostal,No,11,70764,6
